-- phpMyAdmin SQL Dump
-- version 5.1.1
-- https://www.phpmyadmin.net/
--
-- Host: 127.0.0.1:3306
-- Waktu pembuatan: 03 Agu 2023 pada 03.38
-- Versi server: 10.4.25-MariaDB
-- Versi PHP: 7.4.26

SET SQL_MODE = "NO_AUTO_VALUE_ON_ZERO";
START TRANSACTION;
SET time_zone = "+00:00";


/*!40101 SET @OLD_CHARACTER_SET_CLIENT=@@CHARACTER_SET_CLIENT */;
/*!40101 SET @OLD_CHARACTER_SET_RESULTS=@@CHARACTER_SET_RESULTS */;
/*!40101 SET @OLD_COLLATION_CONNECTION=@@COLLATION_CONNECTION */;
/*!40101 SET NAMES utf8mb4 */;

--
-- Database: `toserba`
--

-- --------------------------------------------------------

--
-- Struktur dari tabel `barang`
--

DROP TABLE IF EXISTS `barang`;
CREATE TABLE IF NOT EXISTS `barang` (
  `id` int(11) NOT NULL AUTO_INCREMENT,
  `id_barang` varchar(255) NOT NULL,
  `id_kategori` int(11) NOT NULL,
  `nama_barang` text NOT NULL,
  `merk` varchar(255) NOT NULL,
  `harga_beli` varchar(255) NOT NULL,
  `harga_jual` varchar(255) NOT NULL,
  `satuan_barang` varchar(255) NOT NULL,
  `stok` text NOT NULL,
  `tgl_input` varchar(255) NOT NULL,
  `tgl_update` varchar(255) DEFAULT NULL,
  PRIMARY KEY (`id`)
) ENGINE=InnoDB AUTO_INCREMENT=29 DEFAULT CHARSET=latin1;

--
-- Dumping data untuk tabel `barang`
--

INSERT INTO `barang` (`id`, `id_barang`, `id_kategori`, `nama_barang`, `merk`, `harga_beli`, `harga_jual`, `satuan_barang`, `stok`, `tgl_input`, `tgl_update`) VALUES
(1, 'BRG001', 1, 'Beras', 'Cap Bunga Raya', '10000', '15000', 'kg', '83', '2023-07-10', '2023-07-10'),
(2, 'BRG002', 1, 'Mie Instan', 'Indomie', '3000', '5000', 'bungkus', '187', '2023-07-10', '2023-07-10'),
(3, 'BRG003', 1, 'Gula', 'Gulaku', '5000', '8000', 'kg', '131', '2023-07-10', '2023-07-10'),
(4, 'BRG004', 1, 'Tepung Terigu', 'Segitiga Biru', '6000', '9000', 'kg', '86', '2023-07-10', '2023-07-10'),
(5, 'BRG005', 1, 'Minyak Goreng', 'Bimoli', '15000', '25000', 'liter', '79', '2023-07-10', '2023-07-10'),
(6, 'BRG006', 2, 'Air Mineral', 'Aqua', '2000', '3000', 'botol', '300', '2023-07-10', '2023-07-10'),
(7, 'BRG007', 2, 'Kopi', 'ABC', '5000', '8000', 'pack', '200', '2023-07-10', '2023-07-10'),
(8, 'BRG008', 2, 'Teh Celup', 'Sariwangi', '3000', '5000', 'kantong', '150', '2023-07-10', '2023-07-10'),
(9, 'BRG009', 2, 'Susu Kental Manis', 'Bendera', '8000', '12000', 'kaleng', '100', '2023-07-10', '2023-07-10'),
(10, 'BRG010', 2, 'Jus Jeruk', 'ABC', '10000', '15000', 'botol', '120', '2023-07-10', '2023-07-10'),
(11, 'BRG011', 3, 'Bolpoin', 'Pilot', '3000', '5000', 'pcs', '200', '2023-07-10', '2023-07-10'),
(12, 'BRG012', 3, 'Pensil', 'Faber-Castell', '2000', '3000', 'pcs', '150', '2023-07-10', '2023-07-10'),
(13, 'BRG013', 3, 'Penghapus', 'Staedtler', '1500', '2500', 'pcs', '100', '2023-07-10', '2023-07-10'),
(14, 'BRG014', 3, 'Rautan Pensil', 'Kum', '2500', '4000', 'pcs', '80', '2023-07-10', '2023-07-10'),
(15, 'BRG015', 3, 'Spidol', 'Sharpie', '8000', '12000', 'pcs', '100', '2023-07-10', '2023-07-10'),
(16, 'BRG016', 4, 'Sabun Mandi', 'Lifebuoy', '5000', '8000', 'pcs', '150', '2023-07-10', '2023-07-10'),
(17, 'BRG017', 4, 'Pasta Gigi', 'Pepsodent', '4000', '6000', 'pcs', '120', '2023-07-10', '2023-07-10'),
(18, 'BRG018', 4, 'Sikat Gigi', 'Oral-B', '3000', '5000', 'pcs', '98', '2023-07-10', '2023-07-10'),
(19, 'BRG019', 4, 'Shampoo', 'Sunsilk', '10000', '15000', 'botol', '72', '2023-07-10', '2023-07-10'),
(20, 'BRG020', 4, 'Conditioner', 'Pantene', '12000', '18000', 'botol', '67', '2023-07-10', '2023-07-10');

-- --------------------------------------------------------

--
-- Struktur dari tabel `kategori`
--

DROP TABLE IF EXISTS `kategori`;
CREATE TABLE IF NOT EXISTS `kategori` (
  `id_kategori` int(11) NOT NULL AUTO_INCREMENT,
  `nama_kategori` varchar(255) NOT NULL,
  `tgl_input` varchar(255) NOT NULL,
  PRIMARY KEY (`id_kategori`)
) ENGINE=InnoDB AUTO_INCREMENT=11 DEFAULT CHARSET=latin1;

--
-- Dumping data untuk tabel `kategori`
--

INSERT INTO `kategori` (`id_kategori`, `nama_kategori`, `tgl_input`) VALUES
(1, 'Makanan', '2023-07-10'),
(2, 'Minuman', '2023-07-10'),
(3, 'ATK', '2023-07-10'),
(4, 'Kebutuhan Hidup', '2023-07-10'),
(5, 'Kecantikan', '2023-07-10');

-- --------------------------------------------------------

--
-- Struktur dari tabel `login`
--

DROP TABLE IF EXISTS `login`;
CREATE TABLE IF NOT EXISTS `login` (
  `id_login` int(11) NOT NULL AUTO_INCREMENT,
  `user` varchar(255) NOT NULL,
  `pass` char(32) NOT NULL,
  `id_member` int(11) NOT NULL,
  PRIMARY KEY (`id_login`)
) ENGINE=InnoDB AUTO_INCREMENT=4 DEFAULT CHARSET=latin1;

--
-- Dumping data untuk tabel `login`
--

INSERT INTO `login` (`id_login`, `user`, `pass`, `id_member`) VALUES
(1, 'admin', '202cb962ac59075b964b07152d234b70', 1),
(2, 'user', 'ee11cbb19052e40b07aac0ca060c23ee', 2),
(3, 'admin', '21232f297a57a5a743894a0e4a801fc3', 3);

-- --------------------------------------------------------

--
-- Struktur dari tabel `member`
--

DROP TABLE IF EXISTS `member`;
CREATE TABLE IF NOT EXISTS `member` (
  `id_member` int(11) NOT NULL AUTO_INCREMENT,
  `nm_member` varchar(255) NOT NULL,
  `alamat_member` text NOT NULL,
  `telepon` varchar(255) NOT NULL,
  `email` varchar(255) NOT NULL,
  `gambar` text NOT NULL,
  `NIK` text NOT NULL,
  PRIMARY KEY (`id_member`)
) ENGINE=InnoDB AUTO_INCREMENT=3 DEFAULT CHARSET=latin1;

--
-- Dumping data untuk tabel `member`
--

INSERT INTO `member` (`id_member`, `nm_member`, `alamat_member`, `telepon`, `email`, `gambar`, `NIK`) VALUES
(1, 'Muhammad Satrio Abdi', 'Oku Timur,Sumatera Selatan', '081234567890', 'example@gmail.com', 'folder_tujuan/', '1231412111'),
(2, 'Muhammad Satrio Abdi', 'Surabaya', '081274489306', 'bgsatrio7@gmail.com', 'TUBESWEB/3500_2_03.jpg', '00000000000');

-- --------------------------------------------------------

--
-- Struktur dari tabel `nota`
--

DROP TABLE IF EXISTS `nota`;
CREATE TABLE IF NOT EXISTS `nota` (
  `id_nota` int(11) NOT NULL AUTO_INCREMENT,
  `id_barang` varchar(255) NOT NULL,
  `id_member` int(11) NOT NULL,
  `jumlah` varchar(255) NOT NULL,
  `total` varchar(255) NOT NULL,
  `tanggal_input` date NOT NULL,
  `periode` varchar(255) DEFAULT NULL,
  PRIMARY KEY (`id_nota`)
) ENGINE=InnoDB AUTO_INCREMENT=238 DEFAULT CHARSET=latin1;

--
-- Dumping data untuk tabel `nota`
--

INSERT INTO `nota` (`id_nota`, `id_barang`, `id_member`, `jumlah`, `total`, `tanggal_input`, `periode`) VALUES
(1, 'BRG001', 2, '3', '45000', '2023-07-26', '07-2023'),
(2, 'BRG018', 2, '2', '10000', '2023-07-26', '07-2023'),
(3, 'BRG001', 2, '1', '15000', '2023-07-26', '07-2023'),
(4, 'BRG002', 2, '1', '5000', '2023-07-26', '07-2023'),
(5, 'BRG003', 2, '1', '8000', '2023-07-26', '07-2023'),
(6, 'BRG004', 2, '1', '9000', '2023-07-26', '07-2023'),
(7, 'BRG005', 2, '1', '25000', '2023-07-26', '07-2023'),
(8, 'BRG001', 2, '2', '30000', '2023-07-26', '07-2023'),
(9, 'BRG001', 0, '1', '15000', '2023-07-20', NULL),
(10, 'BRG011', 0, '2', '10000', '2023-07-20', NULL),
(11, 'BRG001', 0, '6', '90000', '2023-07-20', NULL),
(12, 'BRG001', 2, '1', '15000', '2023-07-26', '07-2023'),
(13, 'BRG001', 2, '2', '30000', '2023-07-26', '07-2023'),
(14, 'BRG001', 0, '2', '30000', '2023-07-24', NULL),
(15, 'BRG002', 0, '1', '5000', '2023-07-24', NULL),
(16, 'BRG001', 2, '2', '30000', '2023-07-26', '07-2023'),
(17, 'BRG003', 2, '1', '8000', '2023-07-26', '07-2023'),
(18, 'BRG002', 2, '1', '5000', '2023-07-26', '07-2023'),
(19, 'BRG001', 2, '1', '15000', '2023-07-26', '07-2023'),
(20, 'BRG001', 2, '2', '30000', '2023-07-26', '07-2023'),
(21, 'BRG003', 2, '1', '8000', '2023-07-26', '07-2023'),
(22, 'BRG002', 2, '1', '5000', '2023-07-26', '07-2023'),
(23, 'BRG001', 2, '1', '15000', '2023-07-26', '07-2023'),
(24, 'BRG001', 2, '2', '30000', '2023-07-26', '07-2023'),
(25, 'BRG003', 2, '1', '8000', '2023-07-26', '07-2023'),
(26, 'BRG002', 2, '1', '5000', '2023-07-26', '07-2023'),
(27, 'BRG001', 2, '1', '15000', '2023-07-26', '07-2023'),
(28, 'BRG003', 0, '3', '63000', '2023-07-27', '07-2023'),
(29, 'BRG004', 0, '1', '63000', '2023-07-27', '07-2023'),
(30, 'BRG019', 0, '2', '63000', '2023-07-27', '07-2023'),
(31, 'BRG001', 2, '2', '30000', '2023-07-26', '07-2023'),
(32, 'BRG003', 2, '1', '8000', '2023-07-26', '07-2023'),
(33, 'BRG002', 2, '1', '5000', '2023-07-26', '07-2023'),
(34, 'BRG001', 2, '1', '15000', '2023-07-26', '07-2023'),
(35, 'BRG003', 0, '3', '63000', '2023-07-27', '07-2023'),
(36, 'BRG004', 0, '1', '63000', '2023-07-27', '07-2023'),
(37, 'BRG019', 0, '2', '63000', '2023-07-27', '07-2023'),
(38, 'BRG004', 0, '3', '55000', '2023-07-27', '07-2023'),
(39, 'BRG002', 0, '2', '55000', '2023-07-27', '07-2023'),
(40, 'BRG020', 0, '1', '55000', '2023-07-27', '07-2023'),
(41, 'BRG002', 0, '3', '31000', '2023-07-27', NULL),
(42, 'BRG003', 0, '2', '31000', '2023-07-27', NULL),
(43, 'BRG001', 0, '3', '70000', '2023-07-27', NULL),
(44, 'BRG005', 0, '1', '70000', '2023-07-27', NULL),
(45, 'BRG001', 0, '1', '30000', '2023-07-27', NULL),
(46, 'BRG001', 0, '1', '30000', '2023-07-27', NULL),
(47, 'BRG001', 0, '1', '45000', '2023-07-27', NULL),
(48, 'BRG019', 0, '2', '45000', '2023-07-27', NULL),
(49, 'BRG001', 0, '1', '15000', '2023-07-27', NULL),
(50, 'BRG001', 0, '3', '45000', '2023-07-27', NULL),
(51, 'BRG003', 0, '1', '8000', '2023-07-27', NULL),
(52, 'BRG002', 0, '3', '15000', '2023-07-27', NULL),
(53, 'BRG001', 0, '1', '15000', '2023-07-28', NULL),
(54, 'BRG004', 0, '1', '9000', '2023-07-28', NULL),
(55, 'BRG001', 2, '2', '30000', '2023-07-26', '07-2023'),
(56, 'BRG003', 2, '1', '8000', '2023-07-26', '07-2023'),
(57, 'BRG002', 2, '1', '5000', '2023-07-26', '07-2023'),
(58, 'BRG001', 2, '1', '15000', '2023-07-26', '07-2023'),
(59, 'BRG003', 0, '3', '63000', '2023-07-27', '07-2023'),
(60, 'BRG004', 0, '1', '63000', '2023-07-27', '07-2023'),
(61, 'BRG019', 0, '2', '63000', '2023-07-27', '07-2023'),
(62, 'BRG004', 0, '3', '55000', '2023-07-27', '07-2023'),
(63, 'BRG002', 0, '2', '55000', '2023-07-27', '07-2023'),
(64, 'BRG020', 0, '1', '55000', '2023-07-27', '07-2023'),
(65, 'BRG001', 0, '1', '15000.00', '2023-07-28', NULL),
(66, 'BRG019', 0, '1', '15000.00', '2023-07-28', NULL),
(67, 'BRG001', 0, '3', '45000.00', '2023-07-28', NULL),
(68, 'BRG019', 0, '2', '30000.00', '2023-07-28', NULL),
(69, 'BRG001', 0, '1', '15000.00', '2023-07-28', NULL),
(70, 'BRG001', 0, '1', '15000.00', '2023-07-28', NULL),
(71, 'BRG011', 0, '2', '10000.00', '2023-07-28', NULL),
(72, 'BRG018', 0, '4', '20000.00', '2023-07-28', NULL),
(73, 'BRG001', 0, '3', '45000.00', '2023-07-28', NULL),
(74, 'BRG001', 0, '3', '45000.00', '2023-07-28', NULL),
(75, 'BRG001', 2, '2', '30000', '2023-07-26', '07-2023'),
(76, 'BRG003', 2, '1', '8000', '2023-07-26', '07-2023'),
(77, 'BRG002', 2, '1', '5000', '2023-07-26', '07-2023'),
(78, 'BRG001', 2, '1', '15000', '2023-07-26', '07-2023'),
(79, 'BRG003', 0, '3', '63000', '2023-07-27', '07-2023'),
(80, 'BRG004', 0, '1', '63000', '2023-07-27', '07-2023'),
(81, 'BRG019', 0, '2', '63000', '2023-07-27', '07-2023'),
(82, 'BRG004', 0, '3', '55000', '2023-07-27', '07-2023'),
(83, 'BRG002', 0, '2', '55000', '2023-07-27', '07-2023'),
(84, 'BRG020', 0, '1', '55000', '2023-07-27', '07-2023'),
(85, 'BRG001', 0, '3', '45000.00', '2023-07-28', NULL),
(86, '', 0, '2', '', '2023-08-01', NULL),
(87, '', 0, '2', '', '2023-08-01', NULL),
(88, '', 0, '2', '', '2023-08-01', NULL),
(89, '', 0, '2', '', '2023-08-01', NULL),
(90, '', 0, '2', '', '2023-08-01', NULL),
(91, '', 0, '2', '', '2023-08-01', NULL),
(92, '', 0, '2', '', '2023-08-01', NULL),
(93, '', 0, '2', '', '2023-08-01', NULL),
(94, '', 0, '2', '', '2023-08-01', NULL),
(95, '', 0, '2', '', '2023-08-01', NULL),
(96, '', 0, '2', '', '2023-08-01', NULL),
(97, '', 0, '2', '', '2023-08-01', NULL),
(98, '', 0, '2', '', '2023-08-01', NULL),
(99, '', 0, '2', '', '2023-08-01', NULL),
(100, '', 0, '2', '', '2023-08-01', NULL),
(101, '', 0, '2', '', '2023-08-01', NULL),
(102, '', 0, '2', '', '2023-08-01', NULL),
(103, '', 0, '2', '', '2023-08-01', NULL),
(104, '', 0, '2', '', '2023-08-01', NULL),
(105, '', 0, '2', '', '2023-08-01', NULL),
(106, '', 0, '2', '', '2023-08-01', NULL),
(107, '', 0, '2', '', '2023-08-01', NULL),
(108, '', 0, '2', '', '2023-08-01', NULL),
(109, '', 0, '2', '', '2023-08-01', NULL),
(110, '', 0, '2', '', '2023-08-01', NULL),
(111, '', 0, '2', '', '2023-08-01', NULL),
(112, '', 0, '2', '', '2023-08-01', NULL),
(113, '', 0, '2', '', '2023-08-01', NULL),
(114, '', 0, '1', '', '2023-08-01', NULL),
(115, '', 0, '1', '', '2023-08-01', NULL),
(116, '', 0, '1', '', '2023-08-01', NULL),
(117, '', 0, '1', '', '0000-00-00', NULL),
(118, '', 0, '1', '', '0000-00-00', NULL),
(119, '', 0, '1', '', '0000-00-00', NULL),
(120, '', 0, '1', '', '0000-00-00', NULL),
(121, '', 0, '1', '', '0000-00-00', NULL),
(122, '', 0, '1', '', '0000-00-00', NULL),
(123, '', 0, '1', '0', '0000-00-00', NULL),
(124, '', 0, '1', '0', '0000-00-00', NULL),
(125, 'BRG001', 2, '2', '42000', '2023-08-02', '2023'),
(126, 'BRG009', 2, '1', '42000', '2023-08-02', '2023'),
(127, 'BRG001', 2, '1', '15000', '2023-08-02', '2023'),
(128, 'BRG001', 2, '1', '15000', '2023-08-02', '2023'),
(129, 'BRG002', 2, '3', '15000', '2023-08-02', '2023'),
(130, 'BRG001', 2, '1', '15000', '2023-08-02', '2023'),
(131, 'BRG001', 2, '1', '15000', '2023-08-02', '2023'),
(132, 'BRG002', 2, '1', '5000', '2023-08-02', '2023'),
(133, 'BRG001', 2, '1', '15000', '2023-08-02', '2023'),
(134, 'BRG009', 2, '1', '12000', '2023-08-02', '2023'),
(135, 'BRG002', 2, '1', '5000', '2023-08-02', '2023'),
(136, 'BRG001', 2, '1', '15000', '2023-08-02', '2023'),
(137, 'BRG002', 2, '1', '5000', '2023-08-02', '2023'),
(138, 'BRG002', 2, '1', '5000', '2023-08-02', '2023'),
(139, 'BRG002', 2, '1', '5000', '2023-08-02', '2023'),
(140, 'BRG016', 2, '1', '8000', '2023-08-02', '2023'),
(141, 'BRG001', 2, '1', '15000', '2023-08-02', '2023'),
(142, 'BRG016', 2, '1', '8000', '2023-08-02', '2023'),
(143, 'BRG016', 2, '1', '8000', '2023-08-02', '2023'),
(144, 'BRG001', 2, '1', '15000', '2023-08-02', '2023'),
(145, 'BRG001', 2, '1', '15000', '2023-08-02', '2023'),
(146, 'BRG001', 2, '1', '15000', '2023-08-02', '2023'),
(147, 'BRG011', 2, '1', '5000', '2023-08-02', '2023'),
(148, 'BRG011', 2, '1', '5000', '2023-08-02', '2023'),
(149, 'BRG016', 0, '1', '8000', '2023-08-02', '2023'),
(150, 'BRG016', 0, '1', '8000', '2023-08-02', '2023'),
(151, 'BRG016', 0, '1', '8000', '2023-08-02', '2023'),
(152, 'BRG016', 0, '1', '8000', '2023-08-02', '2023'),
(153, 'BRG016', 0, '1', '8000', '2023-08-02', '2023'),
(154, 'BRG016', 0, '1', '8000', '2023-08-02', '2023'),
(155, 'BRG001', 0, '1', '15000', '2023-08-02', '2023'),
(156, 'BRG001', 0, '1', '15000', '2023-08-02', '2023'),
(157, 'BRG001', 0, '1', '15000', '2023-08-02', '2023'),
(158, 'BRG001', 0, '1', '15000', '2023-08-02', '2023'),
(159, 'BRG001', 0, '1', '15000', '2023-08-02', '2023'),
(160, 'BRG001', 0, '1', '15000', '2023-08-02', '2023'),
(161, 'BRG001', 0, '1', '15000', '2023-08-02', '2023'),
(162, 'BRG001', 0, '1', '15000', '2023-08-02', '2023'),
(163, 'BRG001', 0, '1', '15000', '2023-08-02', '2023'),
(164, 'BRG003', 0, '1', '8000', '2023-08-02', '2023'),
(165, 'BRG003', 0, '1', '8000', '2023-08-02', '2023'),
(166, 'BRG003', 0, '1', '8000', '2023-08-02', '2023'),
(167, 'BRG003', 0, '1', '8000', '2023-08-02', '2023'),
(168, 'BRG003', 0, '1', '8000', '2023-08-02', '2023'),
(169, 'BRG003', 0, '1', '8000', '2023-08-02', '2023'),
(170, 'BRG003', 0, '1', '8000', '2023-08-02', '2023'),
(171, 'BRG003', 0, '1', '8000', '2023-08-02', '2023'),
(172, 'BRG003', 0, '1', '8000', '2023-08-02', '2023'),
(173, 'BRG003', 0, '1', '8000', '2023-08-02', '2023'),
(174, 'BRG003', 0, '1', '8000', '2023-08-02', '2023'),
(175, 'BRG003', 0, '1', '8000', '2023-08-02', '2023'),
(176, 'BRG003', 0, '1', '8000', '2023-08-02', '2023'),
(177, 'BRG003', 0, '1', '8000', '2023-08-02', '2023'),
(178, 'BRG003', 0, '1', '8000', '2023-08-02', '2023'),
(179, 'BRG003', 0, '1', '8000', '2023-08-02', '2023'),
(180, 'BRG003', 0, '1', '8000', '2023-08-02', '2023'),
(181, 'BRG003', 0, '1', '8000', '2023-08-02', '2023'),
(182, 'BRG001', 2, '1', '15000', '2023-08-02', '2023'),
(183, 'BRG001', 2, '1', '15000', '2023-08-02', '2023'),
(184, 'BRG001', 2, '1', '15000', '2023-08-02', '2023'),
(185, 'BRG011', 2, '1', '5000', '2023-08-02', '2023'),
(186, 'BRG001', 2, '1', '15000', '2023-08-02', '2023'),
(187, 'BRG001', 2, '1', '15000', '2023-08-02', '2023'),
(188, 'BRG016', 2, '1', '8000', '2023-08-02', '2023'),
(189, 'BRG001', 2, '1', '15000', '2023-08-02', '2023'),
(190, 'BRG001', 2, '1', '15000', '2023-08-02', '2023'),
(191, 'BRG016', 2, '1', '8000', '2023-08-02', '2023'),
(192, 'BRG001', 2, '1', '15000', '2023-08-02', '2023'),
(193, 'BRG016', 2, '1', '8000', '2023-08-02', '2023'),
(194, 'BRG016', 2, '1', '8000', '2023-08-02', '2023'),
(195, 'BRG016', 2, '1', '8000', '2023-08-02', '2023'),
(196, 'BRG016', 2, '1', '8000', '2023-08-02', '2023'),
(197, 'BRG001', 2, '1', '15000', '2023-08-02', '2023'),
(198, 'BRG011', 2, '1', '5000', '2023-08-02', '2023'),
(199, 'BRG001', 2, '1', '15000', '2023-08-02', '2023'),
(200, 'BRG001', 2, '1', '15000', '2023-08-02', '2023'),
(201, 'BRG016', 2, '1', '8000', '2023-08-02', '2023'),
(202, 'BRG016', 2, '1', '8000', '2023-08-02', '2023'),
(203, 'BRG016', 2, '1', '8000', '2023-08-02', '2023'),
(204, 'BRG016', 2, '1', '8000', '2023-08-02', '2023'),
(205, 'BRG016', 2, '1', '8000', '2023-08-02', '2023'),
(206, 'BRG016', 2, '1', '8000', '2023-08-02', '2023'),
(207, 'BRG016', 2, '1', '8000', '2023-08-02', '2023'),
(208, 'BRG016', 2, '1', '8000', '2023-08-02', '2023'),
(209, 'BRG016', 2, '1', '8000', '2023-08-02', '2023'),
(210, 'BRG016', 2, '1', '8000', '2023-08-02', '2023'),
(211, 'BRG001', 2, '1', '15000', '2023-08-02', '2023'),
(212, 'BRG002', 2, '10000', '50000000', '2023-08-02', '2023'),
(213, 'BRG016', 2, '1', '8000', '2023-08-02', '2023'),
(214, 'BRG016', 2, '1', '8000', '2023-08-02', '2023'),
(215, 'BRG016', 2, '1', '8000', '2023-08-02', '2023'),
(216, 'BRG012', 2, '1', '3000', '2023-08-02', '2023'),
(217, 'BRG001', 2, '1', '15000', '0000-00-00', '08-2023'),
(218, 'BRG001', 2, '1', '15000', '2023-08-02', '2023'),
(219, 'BRG001', 2, '1', '15000', '0000-00-00', '08-2023'),
(220, 'BRG016', 2, '1', '8000', '2023-08-02', '2023'),
(221, 'BRG016', 2, '1', '13000', '2023-08-02', '2023'),
(222, 'BRG011', 2, '1', '13000', '2023-08-02', '2023'),
(223, 'BRG015', 2, '1', '12000', '2023-08-02', '2023'),
(224, 'BRG016', 2, '1', '8000', '2023-08-02', '2023'),
(225, 'BRG016', 2, '1', '8000', '2023-08-02', '2023'),
(226, 'BRG016', 2, '1', '8000', '2023-08-02', '2023'),
(227, 'BRG016', 2, '1', '8000', '2023-08-02', '2023'),
(228, 'BRG016', 2, '1', '8000', '2023-08-02', '2023'),
(229, 'BRG016', 2, '1', '8000', '2023-08-02', '2023'),
(230, 'BRG011', 2, '1', '5000', '2023-08-02', '2023'),
(231, 'BRG011', 2, '1', '5000', '2023-08-02', '2023'),
(232, 'BRG003', 2, '1', '8000', '2023-08-02', '2023'),
(233, 'BRG016', 2, '1', '8000', '2023-08-02', '2023'),
(234, 'BRG001', 2, '1', '15000', '2023-08-02', '2023'),
(235, 'BRG003', 2, '1', '8000', '2023-08-02', '2023'),
(236, 'BRG001', 2, '1', '23000', '2023-08-02', '2023'),
(237, 'BRG016', 2, '1', '23000', '2023-08-02', '2023');

-- --------------------------------------------------------

--
-- Struktur dari tabel `penjualan`
--

DROP TABLE IF EXISTS `penjualan`;
CREATE TABLE IF NOT EXISTS `penjualan` (
  `id_penjualan` int(11) NOT NULL AUTO_INCREMENT,
  `id_barang` varchar(255) NOT NULL,
  `id_member` int(11) NOT NULL,
  `jumlah` varchar(255) NOT NULL,
  `total` varchar(255) NOT NULL,
  `tanggal_input` varchar(255) NOT NULL,
  `uang_pembayaran` varchar(255) NOT NULL,
  `uang_kembalian` varchar(255) NOT NULL,
  PRIMARY KEY (`id_penjualan`)
) ENGINE=InnoDB AUTO_INCREMENT=26 DEFAULT CHARSET=latin1;

--
-- Dumping data untuk tabel `penjualan`
--

INSERT INTO `penjualan` (`id_penjualan`, `id_barang`, `id_member`, `jumlah`, `total`, `tanggal_input`, `uang_pembayaran`, `uang_kembalian`) VALUES
(25, 'BRG001', 2, '1', '15000', '3 August 2023, 2:29', '', '');

-- --------------------------------------------------------

--
-- Struktur dari tabel `toko`
--

DROP TABLE IF EXISTS `toko`;
CREATE TABLE IF NOT EXISTS `toko` (
  `id_toko` int(11) NOT NULL AUTO_INCREMENT,
  `nama_toko` varchar(255) NOT NULL,
  `alamat_toko` text NOT NULL,
  `tlp` varchar(255) NOT NULL,
  `nama_pemilik` varchar(255) NOT NULL,
  PRIMARY KEY (`id_toko`)
) ENGINE=InnoDB AUTO_INCREMENT=2 DEFAULT CHARSET=latin1;

--
-- Dumping data untuk tabel `toko`
--

INSERT INTO `toko` (`id_toko`, `nama_toko`, `alamat_toko`, `tlp`, `nama_pemilik`) VALUES
(1, 'TOSERBA PAK SAPARDI', 'Surabaya', '081234567890', 'Muhammad Satrio Abdi');
COMMIT;

/*!40101 SET CHARACTER_SET_CLIENT=@OLD_CHARACTER_SET_CLIENT */;
/*!40101 SET CHARACTER_SET_RESULTS=@OLD_CHARACTER_SET_RESULTS */;
/*!40101 SET COLLATION_CONNECTION=@OLD_COLLATION_CONNECTION */;
